"filename", "language", "TypeScript", "TypeScript JSX", "comment", "blank", "total"
"e:\git\timeblock_new\.history\src\features\schedule\HourBar_20251120190519.tsx", "TypeScript JSX", 0, -243, -7, -26, -276
"e:\git\timeblock_new\.history\src\features\schedule\HourBar_20251120193441.tsx", "TypeScript JSX", 0, -243, -7, -26, -276
"e:\git\timeblock_new\.history\src\features\schedule\HourBar_20251120193446.tsx", "TypeScript JSX", 0, -243, -7, -26, -276
"e:\git\timeblock_new\.history\src\features\schedule\HourBar_20251120193711.tsx", "TypeScript JSX", 0, -243, -7, -26, -276
"e:\git\timeblock_new\.history\src\features\schedule\HourBar_20251120193713.tsx", "TypeScript JSX", 0, -243, -7, -26, -276
"e:\git\timeblock_new\.history\src\features\schedule\HourBar_20251120193847.tsx", "TypeScript JSX", 0, -243, -7, -26, -276
"e:\git\timeblock_new\.history\src\features\schedule\HourBar_20251120193850.tsx", "TypeScript JSX", 0, -243, -7, -26, -276
"e:\git\timeblock_new\.history\src\features\schedule\HourBar_20251120193851.tsx", "TypeScript JSX", 0, -243, -7, -26, -276
"e:\git\timeblock_new\.history\src\shared\services\ai\geminiApi_20251120165633.ts", "TypeScript", -522, 0, -64, -69, -655
"e:\git\timeblock_new\.history\src\shared\services\ai\geminiApi_20251120201807.ts", "TypeScript", -485, 0, -64, -69, -618
"e:\git\timeblock_new\.history\src\shared\services\ai\geminiApi_20251120201909.ts", "TypeScript", -485, 0, -64, -69, -618
"e:\git\timeblock_new\.history\src\shared\services\ai\geminiApi_20251120203333.ts", "TypeScript", -473, 0, -64, -69, -606
"e:\git\timeblock_new\.history\src\shared\services\ai\geminiApi_20251120210202.ts", "TypeScript", -473, 0, -64, -69, -606
"e:\git\timeblock_new\.history\src\shared\services\ai\geminiApi_20251120210212.ts", "TypeScript", -473, 0, -64, -69, -606
"e:\git\timeblock_new\.history\src\shared\services\ai\geminiApi_20251120210615.ts", "TypeScript", -473, 0, -64, -69, -606
"Total", "-", -3384, -1944, -504, -691, -6523